question,prediction,reference,error_type,BLEU,ROUGE-1,ROUGE-L,ExactMatch
RAGとは何か？,RAG（Retrieval-Augmented Generation）は、外部知識を検索し、大規模言語モデル（LLM）の応答に取り入れる仕組みです。従来のLLMは事前に学習された情報しか扱えませんでしたが、RAGでは動的に外部文書を検索して回答に利用するため、最新かつ正確な情報を提供できます。主な処理の流れは、クエリ（質問）をEmbeddingに変換し、関連する文書チャンクをRetrieverで検索、その検索結果をもとにLLMが回答を生成するというステップで構成されます。これにより、LLMの弱点だった「事実誤認」や「知識の古さ」を補うことができます。,RAG（Retrieval-Augmented Generation）とは、外部知識を検索して取り込みながら、生成AIがより正確な回答を出す手法のこと。,incorrect,0.06754436142034707,0.5000000000000001,0.5000000000000001,0
Embeddingとはどういう意味か？,Embeddingとは、ドキュメントや質問などのテキスト情報を数値化したものを指します。具体的には、テキストの意味を表現するベクトルに変換することで、テキスト間の意味の近さを計算したり、機械学習モデルで扱いやすくするための手法です。このEmbeddingの過程では、OpenAIやSentenceTransformersなどのモデルが使用されます。,Embeddingとは、テキストなどの情報をベクトル空間に変換し、意味的な類似性を数値で扱えるようにする手法。,incorrect,0.0,0.4,0.4,0
Retrieverとは何か？,Retrieverは、RAG（Retrieval-Augmented Generation）の一部として機能するシステムで、ユーザーの質問（クエリ）がEmbeddingされた後、その質問と意味的に近い文書チャンクを検索する役割を果たします。この検索は、文書のベクトル化（Embedding）と比較を通じて行われ、最も関連性の高い文書チャンク（例えば、Top-k、MMR、Hybridなどの方法で選ばれたもの）を選び出します。これにより、大規模言語モデル（LLM）は選ばれたチャンクをもとに、文脈に沿った自然な回答を生成することができます。,Retrieverは、ユーザーの質問に関連する文書や情報を検索・抽出する役割を担うRAGの構成要素。,incorrect,0.0,0.2857142857142857,0.2857142857142857,0
RAGによる検索から生成までの流れは？,"RAG（Retrieval-Augmented Generation）による検索から生成までの流れは以下の通りです。

1. まず、ユーザーからのクエリ（質問）をEmbedding（ベクトル化）します。これは文書の意味を数値化するプロセスで、OpenAIやSentenceTransformersなどのモデルが使われます。

2. 次に、このEmbeddingされたクエリを用いて、関連する文書チャンクをRetrieverで検索します。この際、文書は意味の通る長さ（例えば300トークン）に分割され、各チャンクが検索対象となります。

3. 検索されたチャンクは大規模言語モデル（LLM）に与えられ、これをもとにLLMが文脈に沿った自然な回答を生成します。

以上のステップにより、RAGはLLMに動的かつ信頼性のある知識を与え、最新かつ正確な情報を提供することができます。",まずRetrieverが関連文書を取得し、それを元に生成AIが回答を生成する。検索と生成を組み合わせる流れ。,incorrect,0.0,0.10526315789473684,0.10526315789473684,0
ドキュメントをチャンクに分ける理由は？,ドキュメントをチャンクに分ける理由は、検索対象を適切なサイズにするためです。RAGのシステムでは、ユーザーの質問に対する最も関連性の高い情報を検索する必要があります。そのため、大きなドキュメントを全体で検索するのではなく、意味の通る長さ、例えば300トークン程度に分割して各チャンクを検索対象とします。これにより、より効率的かつ精度高く情報を検索することが可能となります。,長い文書を小さな単位に分けることで、検索精度を上げ、生成モデルが扱いやすくするため。,incorrect,0.0,0.0,0.0,0
Embeddingベクトルはどう使われるか？,"Embeddingベクトルは、RAG（Retrieval-Augmented Generation）の仕組みの中で重要な役割を果たします。まず、ドキュメントは意味の通る長さに分割され、各チャンクが検索対象になります。これらのチャンクはベクトルに変換されるのですが、このベクトルとは文書の意味を数値化したもので、これがEmbeddingベクトルと呼ばれます。

次に、ユーザーからの質問も同様にEmbeddingベクトルに変換されます。そして、質問のEmbeddingベクトルと各チャンクのEmbeddingベクトルが比較され、意味が近いチャンクが選ばれます。この選択はRetrieverと呼ばれる機能によって行われます。

最後に、選ばれたチャンクが大規模言語モデル（LLM）に与えられ、文脈に沿った自然な回答が生成されます。このようにEmbeddingベクトルは、質問とドキュメントの意味的な関連性を判断し、最適な回答を生成するための重要な工程で使われます。",Embeddingベクトルは、質問と文書の意味的な近さを計算するために使われ、類似文書の検索に用いられる。,incorrect,0.0,0.15384615384615385,0.15384615384615385,0
医療ガイドライン検索でRAGがどう使える？,医療ガイドラインの検索において、RAGはその解釈支援に役立ちます。厚労省や学会が発行する医療ガイドラインは専門的で難解な内容が多いですが、RAGを使用することで、「◯◯の患者に対する治療方針は？」といった具体的な質問に対して、根拠を示しながら平易に説明することが可能となります。これは、RAGが外部文書を検索し、大規模言語モデルの応答に取り入れる仕組みを持っているためで、最新かつ正確な情報を提供できます。,医療ガイドラインの中から該当部分を検索し、生成AIが要約・説明を加えることで、医療従事者の情報収集を支援できる。,incorrect,0.0,0.0,0.0,0
院内FAQの強化にRAGがどう活用される？,RAGは院内FAQの強化に大いに活用されます。具体的には、電子カルテ、看護記録、標準手順書（SOP）などから必要な情報を素早く抽出することが可能です。また、既存のFAQでは対応できない文脈依存の質問にも柔軟に応答することができます。これはRAGが質問をEmbeddingに変換し、関連する文書チャンクをRetrieverで検索し、その検索結果をもとに大規模言語モデルが回答を生成する仕組みを持っているからです。これにより、最新かつ正確な情報を提供することができ、FAQの質を大幅に向上させることができます。,よくある質問に対し、過去のマニュアルや記録から関連情報を検索し、自然な回答を生成することでFAQの精度が向上する。,incorrect,0.0,0.2222222222222222,0.2222222222222222,0
RAGは医師の説明補助にどう役立つ？,"RAGは医師の説明補助に以下のように役立ちます。

まず、厚労省や学会が発行する医療ガイドラインの解釈支援に利用できます。これらのガイドラインは専門的で難解なため、一般の人々にとって理解するのは困難です。しかし、RAGを使用すると、「◯◯の患者に対する治療方針は？」といった質問に対して、根拠付きで平易に説明することが可能になります。

また、電子カルテ、看護記録、標準手順書（SOP）などから必要な情報を素早く抽出することができます。これにより、医師は既存のFAQでは対応できない文脈依存の質問にも柔軟に応答することができます。

さらに、医師が患者への説明や案内を生成する際にもRAGは役立ちます。医学用語を一般の人々にも理解しやすい言葉に置き換えて提供することができるため、医療コミュニケーションの質向上に寄与します。",RAGは患者の質問に関連する医学情報を抽出し、医師が分かりやすく伝えるための補助資料を生成できる。,incorrect,0.0,0.33333333333333337,0.33333333333333337,0
Top-k検索とMMRの違いは？,残念ながら、参照情報にはTop-k検索とMMRの違いについての詳細な説明は含まれておりません。しかし、一般的に言えば、Top-k検索は検索結果の中から関連度が最も高い上位k個の結果を選択する方法を指します。一方、MMR（Maximal Marginal Relevance）は、関連性だけでなく、選択された結果の多様性も考慮に入れる検索手法です。つまり、MMRは単に関連性が高い結果だけでなく、異なる観点や情報を提供する結果も選択することで、より広範な情報を提供します。,Top-kは関連度の高い文書をそのまま上位から取得するが、MMRは内容の多様性も考慮して選択する。,incorrect,0.0,0.42857142857142855,0.42857142857142855,0
BM25とDense Retrieverの違いは？,"BM25とDense Retrieverは、情報検索の手法の違いを表しています。

BM25は、検索語と文書の間の一致度を計算するための伝統的な手法です。具体的には、検索語が文書内にどれだけ含まれているか、そしてその検索語がどれだけレア（他の文書にはあまり出現しない）かを考慮してスコアリングします。しかし、BM25は単語の一致度のみを考慮するため、文脈や意味的な関連性は考慮できません。

一方、Dense Retrieverは、文書と検索語をベクトル空間にマッピングする手法です。これにより、文脈や意味的な関連性も考慮した検索が可能になります。具体的には、文書や検索語をベクトル化（Embedding）し、その距離（類似度）を計算して関連する文書を検索します。

したがって、BM25とDense Retrieverの主な違いは、BM25が単語の一致度に基づいて文書を検索するのに対し、Dense Retrieverは文脈や意味的な関連性を考慮した検索を行う点にあります。",BM25は単語の出現頻度に基づいたルールベース検索、Dense Retrieverは意味ベクトルに基づいたニューラル検索を行う。,incorrect,0.0,0.35294117647058826,0.35294117647058826,0
Hybrid Retrieverの利点は何か？,参照情報にはHybrid Retrieverに関する具体的な説明はありませんが、一般的にHybrid Retrieverは、複数の検索手法を組み合わせて利用することで、それぞれの手法の長所を活かし、短所を補うことができるという利点があります。例えば、精度と速度のバランスを取るために、異なる検索手法を組み合わせることがあります。具体的な利点や機能は、組み合わせる検索手法によりますので、詳細な情報が必要であれば、具体的なHybrid Retrieverの構成や使用されている検索手法についてご質問いただければと思います。,ルールベースのBM25と意味ベースのDenseの長所を組み合わせて、より精度と網羅性の高い検索を実現できる。,incorrect,0.0,0.0,0.0,0
RAGの限界や課題は何か？,"RAGの具体的な限界や課題については、参照情報からは明確には示されていません。しかし、一般的に言語モデルや情報検索システムには以下のような課題が存在します。

1. データの品質：RAGは外部文書から情報を取得しますが、その情報源の信頼性や正確性が保証されていない場合、誤った情報を基に回答を生成する可能性があります。

2. 検索の精度：検索結果の精度はEmbeddingの質やRetrieverの性能に依存します。これらの要素が不十分だと、関連性の低い情報を取得してしまう可能性があります。

3. 複雑な質問への対応：複数の知識領域にまたがる質問や、推論を必要とする質問に対する対応が難しい場合があります。

4. プライバシーとセキュリティ：個人情報を含む文書を扱う場合、プライバシー保護やデータセキュリティの観点から適切な対策が必要です。

これらの課題を解決するためには、データの品質管理、モデルの改良、適切なセキュリティ対策などが求められます。",誤情報の混入、文脈の誤解釈、検索文書の質によって生成結果が不安定になる可能性がある。,incorrect,0.0,0.0,0.0,0
医療現場でRAGを使う際の注意点は？,"参照情報には、医療現場でRAGを使う際の具体的な注意点についての記述はありません。しかし、一般的にRAGを使用する際、また医療分野でAIを使用する際に考慮すべき点を考えると、以下のような点が挙げられます。

1. 正確性：医療は生命に関わる重要な分野であるため、RAGが提供する情報の正確性は非常に重要です。RAGは外部文書を検索して回答を生成するため、その情報源が信頼性の高いものであることを確認する必要があります。

2. 文脈理解：医療における質問や状況は非常に複雑で、文脈によって意味が大きく変わることがあります。RAGが文脈を正確に理解し、適切な回答を生成できるようにすることが重要です。

3. プライバシー保護：患者の情報はプライバシーに関わるため、それを適切に保護する必要があります。RAGが患者の情報を扱う場合、その情報が適切に保護され、不適切な利用がないようにすることが求められます。

4. ユーザビリティ：医療従事者や患者がRAGを使いやすいように、ユーザインターフェースや操作性にも配慮が必要です。

これらの点を考慮しながら、RAGを医療現場で活用することで、より良い医療サービスの提供に寄与することが期待できます。",信頼性の低い文書を使うと誤った医療判断に繋がるため、情報源の精査が重要。,incorrect,0.0,0.0,0.0,0
生成AIの誤情報対策には何が必要か？,生成AIの誤情報対策には、RAG（Retrieval-Augmented Generation）のような仕組みが必要です。従来の大規模言語モデル（LLM）は、事前に学習された情報しか扱えませんでしたが、RAGでは動的に外部文書を検索して回答に利用するため、最新かつ正確な情報を提供できます。これにより、LLMの弱点だった「事実誤認」や「知識の古さ」を補うことができます。具体的なステップとしては、1. クエリ（質問）をEmbeddingに変換 2. 関連する文書チャンクをRetrieverで検索 3. 検索結果をもとにLLMが回答を生成、という流れになります。,検索対象の品質管理と、生成結果のフィルタリングや人間によるレビュー体制が必要。,incorrect,0.0,0.0,0.0,0
RAGとは何か？,RAG（Retrieval-Augmented Generation）は、外部知識を検索し、大規模言語モデル（LLM）の応答に取り入れる仕組みです。従来のLLMは、事前に学習された情報しか扱えませんでしたが、RAGでは動的に外部文書を検索して回答に利用するため、最新かつ正確な情報を提供できます。主な処理の流れは、1. クエリ（質問）をEmbeddingに変換、2. 関連する文書チャンクをRetrieverで検索、3. 検索結果をもとにLLMが回答を生成、となります。これにより、LLMの弱点だった「事実誤認」や「知識の古さ」を補うことができます。,RAG（Retrieval-Augmented Generation）とは、外部知識を検索して取り込みながら、生成AIがより正確な回答を出す手法のこと。,incorrect,0.0456496931223525,0.4210526315789473,0.4210526315789473,0
Embeddingとはどういう意味か？,Embeddingとは、文書や質問などの情報を数値化したベクトルに変換することを指します。このベクトルはその文書や質問の意味を表現しており、RAGではこのEmbeddingを用いて関連する文書チャンクを検索します。具体的には、OpenAIやSentenceTransformersなどのモデルが使われ、文書や質問の意味を理解しやすい形に変換します。,Embeddingとは、テキストなどの情報をベクトル空間に変換し、意味的な類似性を数値で扱えるようにする手法。,incorrect,0.0,0.33333333333333337,0.33333333333333337,0
Retrieverとは何か？,Retrieverとは、ユーザーの質問（クエリ）と関連性が高い文書チャンクを検索する役割を担う部分のことを指します。具体的には、ユーザーの質問をEmbedding（ベクトル化）し、それと比較して意味が近い文書チャンクを選び出します。この選び出す方法には、Top-k、MMR、Hybridなどがあります。このRetrieverによる検索結果をもとに、大規模言語モデル（LLM）が回答を生成します。,Retrieverは、ユーザーの質問に関連する文書や情報を検索・抽出する役割を担うRAGの構成要素。,incorrect,0.0,0.2,0.2,0
RAGによる検索から生成までの流れは？,"RAG（Retrieval-Augmented Generation）による検索から生成までの流れは以下の通りです。

1. まず、ドキュメントは意味の通る長さに分割されます。これをチャンク分割といい、例えば300トークン程度に分割され、各チャンクが検索対象となります。

2. 次に、分割されたチャンクをベクトルに変換します。これをベクトル化（Embedding）といい、文書の意味を数値化したものです。OpenAIやSentenceTransformersなどのモデルが使われます。

3. ユーザーの質問も同様にEmbeddingされ、チャンクと比較して意味が近いものをRetrieverが選びます。これをクエリのEmbeddingと検索といいます。

4. 最後に、選ばれたチャンクを大規模言語モデル（LLM）に与えて、文脈に沿った自然な回答を生成します。これを生成（Generation）といいます。

以上の4ステップにより、RAGはLLMに動的かつ信頼性のある知識を与えることができます。",まずRetrieverが関連文書を取得し、それを元に生成AIが回答を生成する。検索と生成を組み合わせる流れ。,incorrect,0.0,0.09090909090909091,0.09090909090909091,0
ドキュメントをチャンクに分ける理由は？,ドキュメントをチャンクに分ける理由は、検索対象を管理しやすくするためです。RAGの仕組みでは、ユーザーの質問に対して関連する情報を高速に検索する必要があります。そのため、ドキュメントを意味の通る長さ、例えば300トークンなどに分割し、各チャンクを検索対象とします。これにより、大量の情報から必要な部分を効率的に抽出することが可能になります。,長い文書を小さな単位に分けることで、検索精度を上げ、生成モデルが扱いやすくするため。,incorrect,0.0,0.0,0.0,0
Embeddingベクトルはどう使われるか？,"Embeddingベクトルは、RAGの仕組みの中で重要な役割を果たします。まず、ドキュメントが意味の通る長さに分割され、各チャンクがベクトルに変換されます。このベクトル化されたチャンクは、文書の意味を数値化したもので、OpenAIやSentenceTransformersなどのモデルが使われます。

次に、ユーザーの質問も同様にEmbeddingされます。この質問のEmbeddingベクトルと、先ほどの文書チャンクのEmbeddingベクトルとを比較し、意味が近いものをRetrieverが選びます。この選ばれたチャンクが大規模言語モデル（LLM）に与えられ、文脈に沿った自然な回答を生成します。

つまり、Embeddingベクトルは文書や質問の意味を数値化し、それらの意味の近さを計算するために使われます。これにより、RAGはユーザーの質問に対して最も関連性の高い情報を選択し、それを基に回答を生成することができます。",Embeddingベクトルは、質問と文書の意味的な近さを計算するために使われ、類似文書の検索に用いられる。,incorrect,0.0,0.16666666666666669,0.16666666666666669,0
医療ガイドライン検索でRAGがどう使える？,医療ガイドライン検索において、RAGはその専門的で難解な内容を解釈し、平易に説明するための支援ツールとして使われます。具体的には、「◯◯の患者に対する治療方針は？」といった質問に対して、RAGはガイドラインから関連する情報を検索し、その根拠とともにわかりやすく説明する回答を生成します。これにより、医療ガイドラインの理解が容易になり、より正確な医療情報の提供が可能となります。,医療ガイドラインの中から該当部分を検索し、生成AIが要約・説明を加えることで、医療従事者の情報収集を支援できる。,incorrect,0.0,0.0,0.0,0
院内FAQの強化にRAGがどう活用される？,RAGは院内FAQの強化に大いに役立ちます。具体的には、電子カルテ、看護記録、標準手順書（SOP）などから必要な情報を素早く抽出することができます。また、既存のFAQでは対応できない文脈依存の質問にも柔軟に応答することが可能です。これは、RAGが外部文書を動的に検索し、その情報を大規模言語モデルの応答に取り入れる仕組みを持っているからです。これにより、最新かつ正確な情報を提供することができ、医療分野で求められる正確性と文脈理解を補完します。,よくある質問に対し、過去のマニュアルや記録から関連情報を検索し、自然な回答を生成することでFAQの精度が向上する。,incorrect,0.0,0.33333333333333337,0.33333333333333337,0
RAGは医師の説明補助にどう役立つ？,"RAGは医師の説明補助において、主に以下のように役立ちます。

1つ目は、医療ガイドラインの解釈支援です。厚労省や学会が発行する医療ガイドラインは専門的で難解なため、RAGを使うことで「◯◯の患者に対する治療方針は？」といった質問に対し、根拠付きで平易に説明することができます。

2つ目は、院内ドキュメントの検索です。電子カルテ、看護記録、標準手順書（SOP）などから必要情報を素早く抽出し、既存のFAQでは対応できない文脈依存の質問にも柔軟に応答します。

3つ目は、患者向け説明文の自動生成です。医師が説明に使う文書や、患者への案内を生成する際に、医学用語をわかりやすく置き換えて提供することができます。これにより、医療コミュニケーションの質が向上します。

以上のように、RAGは医療分野における情報検索や説明生成に有効に活用され、医師の説明補助に大いに役立つと言えます。",RAGは患者の質問に関連する医学情報を抽出し、医師が分かりやすく伝えるための補助資料を生成できる。,incorrect,0.0,0.2222222222222222,0.2222222222222222,0
Top-k検索とMMRの違いは？,"Top-k検索とMMR（Maximal Marginal Relevance）は、検索結果を選択するための異なる方法です。

Top-k検索は、質問（クエリ）と最も意味的に近い上位k個の文書チャンクを選択します。これは単純に類似度が高いものを選ぶ方法で、結果の多様性は考慮されません。

一方、MMRは、選択された文書チャンクが互いに異なる情報を含むようにするための方法です。つまり、MMRは類似度だけでなく、選択される文書チャンク間の多様性も考慮します。これにより、同じような内容の文書チャンクが選ばれるのを防ぎ、より広範な情報を提供することが可能となります。",Top-kは関連度の高い文書をそのまま上位から取得するが、MMRは内容の多様性も考慮して選択する。,incorrect,0.0,0.42857142857142855,0.42857142857142855,0
BM25とDense Retrieverの違いは？,"BM25とDense Retrieverは、情報検索の手法の一つであり、それぞれ異なるアプローチを取ります。

BM25は、伝統的な情報検索アルゴリズムで、単語の出現頻度と文書の長さに基づいて文書の関連性を評価します。具体的には、検索クエリ中の各単語が文書中にどれだけ出現するか、そしてその単語がどれだけ他の文書でも出現するか（つまり、その単語がどれだけ一般的か）を考慮します。しかし、BM25は単語の順序や文脈を考慮しないため、意味的な関連性を捉えるのに限界があります。

一方、Dense Retrieverは、深層学習に基づいた情報検索の手法で、文書とクエリを密なベクトル空間（Dense Vector Space）にマッピングします。このベクトル空間では、意味的に近い文書とクエリが近い位置にマッピングされるため、文脈や意味的な関連性を考慮した情報検索が可能となります。このような手法は、特に大規模なデータセットに対して効率的な検索を可能にします。

したがって、BM25とDense Retrieverの主な違いは、BM25が単語の出現頻度に基づく一方で、Dense Retrieverは深層学習を用いて文脈や意味的な関連性を考慮した情報検索を行う点にあります。",BM25は単語の出現頻度に基づいたルールベース検索、Dense Retrieverは意味ベクトルに基づいたニューラル検索を行う。,incorrect,0.0,0.3157894736842105,0.3157894736842105,0
Hybrid Retrieverの利点は何か？,Hybrid Retrieverについての直接的な説明は参照情報には含まれていませんが、一般的にHybrid Retrieverは、複数の検索手法を組み合わせて使用することで、各手法の利点を活かし、検索結果の精度を向上させることができるとされています。例えば、特定のキーワードに基づく検索と、意味的な類似性に基づく検索を組み合わせることで、より適切な文書チャンクを選択することが可能になります。具体的な利点や動作については、Hybrid Retrieverの具体的な設計や使用方法によります。,ルールベースのBM25と意味ベースのDenseの長所を組み合わせて、より精度と網羅性の高い検索を実現できる。,incorrect,0.0,0.0,0.0,0
RAGの限界や課題は何か？,"RAGの具体的な限界や課題については、参照情報には記載されていません。しかし、一般的に言語モデルや情報検索システムには以下のような課題が存在することが知られています。

1. データの質：RAGは外部の文書を検索して回答を生成しますが、その文書の質が低いと、回答の質も低下します。また、最新の情報を反映させるためには、文書データの更新が必要です。

2. 検索の精度：検索エンジンの精度が回答の質に直結します。関連性の低い文書を検索してしまうと、不適切な回答を生成する可能性があります。

3. 文脈の理解：質問の文脈を正確に理解し、適切な回答を生成する能力は、言語モデルの技術的な課題です。

4. 倫理的な問題：AIが提供する情報の信頼性や、個人情報の保護など、倫理的な問題も重要な課題です。

以上のような課題を解決するために、技術の進化やデータ管理の改善、倫理的なガイドラインの策定などが求められます。",誤情報の混入、文脈の誤解釈、検索文書の質によって生成結果が不安定になる可能性がある。,incorrect,0.0,0.0,0.0,0
医療現場でRAGを使う際の注意点は？,"参照情報には、医療現場でRAGを使用する際の具体的な注意点は記載されていません。しかし、RAGの特性や医療現場の性質を考慮すると、以下のような点に注意する必要があるかもしれません。

1. 正確性：医療情報は人の生命に直結するため、正確性が非常に重要です。RAGは外部文書を検索して回答を生成しますが、その情報が最新で正確なものであることを確認する必要があります。

2. 文脈理解：医療は文脈理解が求められる分野であり、RAGもその能力を持っています。しかし、患者の病状や治療履歴など、特定の文脈に基づいた質問に対して適切な回答を生成できるかどうかは注意が必要です。

3. プライバシー保護：患者の情報はプライバシー保護の観点から厳重に管理する必要があります。RAGを使用する際には、どのような情報が外部に検索され、どのように取り扱われるのかについて十分な配慮が必要です。

4. 医療用語の理解：RAGが医療用語を正確に理解し、適切に説明できるかどうかも重要です。専門的な用語を一般的な言葉に置き換える際には、その意味が変わらないよう注意が必要です。

以上のような点を考慮しながら、RAGの利用を進めることが求められるでしょう。",信頼性の低い文書を使うと誤った医療判断に繋がるため、情報源の精査が重要。,incorrect,0.0,0.0,0.0,0
生成AIの誤情報対策には何が必要か？,"生成AIの誤情報対策には、RAG（Retrieval-Augmented Generation）のような外部知識を検索し、取り入れる仕組みが必要です。従来の大規模言語モデル（LLM）は、事前に学習された情報しか扱えませんでしたが、RAGでは動的に外部文書を検索して回答に利用します。これにより、最新かつ正確な情報を提供でき、LLMの弱点だった「事実誤認」や「知識の古さ」を補うことができます。

具体的な処理の流れは以下の通りです：
1. ユーザーのクエリ（質問）をEmbeddingに変換します。
2. 関連する文書チャンクをRetrieverで検索します。
3. 検索結果をもとにLLMが回答を生成します。

以上のような仕組みを通じて、生成AIの誤情報対策を行うことができます。",検索対象の品質管理と、生成結果のフィルタリングや人間によるレビュー体制が必要。,incorrect,0.0,0.0,0.0,0
RAGとは何か？,RAG（Retrieval-Augmented Generation）は、外部知識を検索し、大規模言語モデル（LLM）の応答に取り入れる仕組みです。従来のLLMは、事前に学習された情報しか扱えませんでしたが、RAGでは動的に外部文書を検索して回答に利用するため、最新かつ正確な情報を提供できます。主なステップは、1. クエリ（質問）をEmbeddingに変換、2. 関連する文書チャンクをRetrieverで検索、3. 検索結果をもとにLLMが回答を生成、となります。これにより、LLMの弱点だった「事実誤認」や「知識の古さ」を補うことができます。,RAG（Retrieval-Augmented Generation）とは、外部知識を検索して取り込みながら、生成AIがより正確な回答を出す手法のこと。,incorrect,0.0456496931223525,0.4210526315789473,0.4210526315789473,0
Embeddingとはどういう意味か？,Embeddingとは、ドキュメントや質問などのテキストデータをベクトル（数値の配列）に変換することを指します。このベクトルはテキストの意味を数値化したもので、OpenAIやSentenceTransformersなどのモデルが使われます。この変換により、テキスト間の意味の近さを計算したり、検索や分類などのタスクに利用することが可能になります。,Embeddingとは、テキストなどの情報をベクトル空間に変換し、意味的な類似性を数値で扱えるようにする手法。,incorrect,0.0,0.5,0.5,0
Retrieverとは何か？,Retrieverは、RAG（Retrieval-Augmented Generation）の一部として機能し、ユーザーの質問（クエリ）がEmbeddingされた後、その質問と意味的に近い文書チャンクを検索する役割を果たします。具体的には、ユーザーの質問と各文書チャンクのベクトル間の類似度を計算し、最も関連性の高いチャンクを選び出します。この選択されたチャンクは、その後のLLM（大規模言語モデル）による回答生成のための情報源として利用されます。,Retrieverは、ユーザーの質問に関連する文書や情報を検索・抽出する役割を担うRAGの構成要素。,incorrect,0.0,0.4444444444444445,0.4444444444444445,0
RAGによる検索から生成までの流れは？,"RAG（Retrieval-Augmented Generation）による検索から生成までの流れは以下の通りです。

1. まず、ドキュメントは意味の通る長さに分割されます。例えば、300トークンなどの長さに分割され、各チャンクが検索対象となります。

2. 次に、分割されたチャンクをベクトルに変換します。ベクトルとは文書の意味を数値化したもので、OpenAIやSentenceTransformersなどのモデルが使われます。

3. ユーザーの質問も同様にベクトル化（Embedding）され、チャンクと比較して意味が近いものをRetrieverが選びます。選び方にはTop-k、MMR、Hybridなどの方法があります。

4. 最後に、選ばれたチャンクを大規模言語モデル（LLM）に与えて、文脈に沿った自然な回答を生成します。

この4ステップにより、RAGはLLMに動的かつ信頼性のある知識を与えることができます。",まずRetrieverが関連文書を取得し、それを元に生成AIが回答を生成する。検索と生成を組み合わせる流れ。,incorrect,0.0,0.08695652173913042,0.08695652173913042,0
ドキュメントをチャンクに分ける理由は？,ドキュメントをチャンクに分ける理由は、それぞれのチャンクを検索対象とするためです。RAG（Retrieval-Augmented Generation）の仕組みでは、ユーザーの質問に対して最も関連性の高い情報を提供するために、大量の文書から必要な情報を抽出します。その際、文書全体を一度に検索するのではなく、意味の通る長さ（例えば300トークン）に分割したチャンクごとに検索を行うことで、より効率的かつ精度高く情報を取得することが可能となります。,長い文書を小さな単位に分けることで、検索精度を上げ、生成モデルが扱いやすくするため。,incorrect,0.0,0.0,0.0,0
Embeddingベクトルはどう使われるか？,"Embeddingベクトルは、RAGの仕組みの中で重要な役割を果たします。まず、ドキュメントが意味の通る長さに分割され、各チャンクがベクトルに変換されます。このベクトル化（Embedding）は、文書の意味を数値化するプロセスで、OpenAIやSentenceTransformersなどのモデルが使われます。

また、ユーザーからの質問（クエリ）も同様にベクトルに変換（Embedding）されます。その後、質問のベクトルとドキュメントのチャンクのベクトルが比較され、意味的に近いものがRetrieverによって選ばれます。

つまり、Embeddingベクトルは、文書と質問の意味的な関連性を評価し、適切な情報を検索するために使用されます。",Embeddingベクトルは、質問と文書の意味的な近さを計算するために使われ、類似文書の検索に用いられる。,incorrect,0.0,0.2222222222222222,0.2222222222222222,0
医療ガイドライン検索でRAGがどう使える？,医療ガイドライン検索において、RAGは専門的で難解な医療ガイドラインの解釈支援に利用されます。具体的には、「◯◯の患者に対する治療方針は？」といった質問に対して、RAGが医療ガイドラインから関連する情報を検索し、それを基に大規模言語モデルが根拠付きで平易な説明を生成します。これにより、医療関係者は専門的なガイドラインを理解しやすくなり、より適切な治療方針を立てることが可能になります。,医療ガイドラインの中から該当部分を検索し、生成AIが要約・説明を加えることで、医療従事者の情報収集を支援できる。,incorrect,0.0,0.0,0.0,0
院内FAQの強化にRAGがどう活用される？,RAGは、院内FAQの強化において、特に既存のFAQでは対応できない文脈依存の質問に対して柔軟に応答する能力を持っています。具体的には、電子カルテ、看護記録、標準手順書（SOP）などから必要な情報を素早く抽出することが可能です。RAGは質問をEmbeddingに変換し、関連する文書チャンクをRetrieverで検索、その結果をもとに大規模言語モデルが回答を生成します。これにより、最新かつ正確な情報を提供し、文脈に沿った自然な回答を生成することができます。,よくある質問に対し、過去のマニュアルや記録から関連情報を検索し、自然な回答を生成することでFAQの精度が向上する。,incorrect,0.0,0.25,0.25,0
RAGは医師の説明補助にどう役立つ？,RAGは医療分野での説明補助に大いに役立ちます。具体的には、医師が説明に使う文書や、患者への案内を生成する際に、専門的な医学用語を一般の人でも理解しやすい言葉に置き換えて提供することができます。また、厚労省や学会が発行する医療ガイドラインのような専門的で難解な内容についても、「◯◯の患者に対する治療方針は？」といった質問に対し、根拠付きで平易に説明することが可能です。これにより、医療コミュニケーションの質向上に寄与します。,RAGは患者の質問に関連する医学情報を抽出し、医師が分かりやすく伝えるための補助資料を生成できる。,incorrect,0.0,1.0,1.0,0
Top-k検索とMMRの違いは？,"参照情報にはTop-k検索とMMRの具体的な説明は含まれていませんが、一般的にこれらは情報検索の手法を指します。

Top-k検索は、ユーザーのクエリに最も関連性が高い上位k個の文書を返す手法です。一方、MMR（Maximal Marginal Relevance）は、関連性と多様性をバランス良く取るための手法です。つまり、MMRは単に関連性が高い文書だけでなく、異なる観点からの情報を含む文書も選択することで、検索結果の多様性を保つことを目指しています。",Top-kは関連度の高い文書をそのまま上位から取得するが、MMRは内容の多様性も考慮して選択する。,incorrect,0.0,0.42857142857142855,0.42857142857142855,0
BM25とDense Retrieverの違いは？,"BM25とDense Retrieverは、情報検索の手法の違いを指します。

BM25は、TF-IDFを基にした古典的な情報検索アルゴリズムで、単語の出現頻度と逆文書頻度を用いて文書の関連性を評価します。一方、Dense Retrieverは、深層学習を用いた情報検索手法で、質問と文書をベクトル空間上にマッピングし、その距離に基づいて関連性を評価します。

BM25は単語の一致に基づく検索であるため、文脈や意味の理解は難しいですが、計算がシンプルで高速です。一方、Dense Retrieverは文脈や意味を理解した検索が可能ですが、計算には深層学習のモデルが必要で、計算量が大きくなります。

RAGのような最新の検索システムでは、これらの手法を組み合わせて、精度と効率のバランスを取ることが一般的です。",BM25は単語の出現頻度に基づいたルールベース検索、Dense Retrieverは意味ベクトルに基づいたニューラル検索を行う。,incorrect,0.0,0.4,0.4,0
Hybrid Retrieverの利点は何か？,参照情報にはHybrid Retrieverについての具体的な説明は含まれておりませんが、一般的にHybrid Retrieverは、複数の情報検索手法を組み合わせて利用することで、各手法の利点を活かしつつ、欠点を補うことが可能です。これにより、より精度の高い情報検索が可能となります。具体的な利点や動作については、Hybrid Retrieverの具体的な構成や使用されている手法によります。,ルールベースのBM25と意味ベースのDenseの長所を組み合わせて、より精度と網羅性の高い検索を実現できる。,incorrect,0.0,0.0,0.0,0
RAGの限界や課題は何か？,"RAGの具体的な限界や課題については、参照情報には明記されていません。しかし、一般的に言えば、RAGのようなAI技術は以下のような課題を抱えている可能性があります。

1. データの質：RAGは外部文書から情報を検索し、言語モデルの応答に組み込むため、その情報源の質が結果に大きく影響します。情報源が不正確や古い情報であった場合、それがそのまま回答に反映される可能性があります。

2. 文脈の理解：RAGは文脈に沿った自然な回答を生成することを目指していますが、AIが人間のように完全に文脈を理解するのは難しいとされています。特に、人間の感情やニュアンスを完全に理解するのは現在のAI技術では難しいとされています。

3. 倫理的な問題：AIが人間のように行動や判断をすると、倫理的な問題が生じる可能性があります。例えば、プライバシーの侵害や偏った情報の提供などが考えられます。

以上のような課題を解決するためには、AIの学習データの質を高める、AIの文脈理解能力を向上させる、AIの倫理規範を設けるなどの取り組みが必要となります。",誤情報の混入、文脈の誤解釈、検索文書の質によって生成結果が不安定になる可能性がある。,incorrect,0.0,0.0,0.0,0
医療現場でRAGを使う際の注意点は？,"参照情報には、医療現場でRAGを使用する際の具体的な注意点についての記述はありません。ただし、RAGの特性と医療現場の要求性から推測すると、以下のような点に注意する必要があるかもしれません。

1. 正確性：医療は生命に関わる分野であり、情報の正確性は非常に重要です。RAGは外部文書を検索して回答を生成するため、その情報源の信頼性と最新性を確保することが重要です。

2. 文脈理解：医療情報は文脈によって意味が大きく変わることがあります。RAGは文脈依存の質問にも柔軟に応答可能ですが、その文脈理解の精度には注意が必要です。

3. プライバシー保護：患者情報はプライバシーに関わるため、その取り扱いには十分な配慮が必要です。RAGを用いて患者情報を検索・解析する際には、情報保護の観点から適切な管理が求められます。

4. 専門的な知識：医療は専門的な知識を必要とする分野です。RAGが提供する情報が専門的な知識に基づいていること、そしてその知識が正確であることを確認する必要があります。

以上のような点を考慮しながら、RAGを医療現場で適切に活用することが求められます。",信頼性の低い文書を使うと誤った医療判断に繋がるため、情報源の精査が重要。,incorrect,0.0,0.0,0.0,0
生成AIの誤情報対策には何が必要か？,生成AIの誤情報対策には、RAG（Retrieval-Augmented Generation）のような仕組みが必要です。従来の大規模言語モデル（LLM）は、事前に学習された情報しか扱えないため、情報が古くなったり、事実誤認が生じる可能性があります。これに対して、RAGは動的に外部文書を検索して回答に利用するため、最新かつ正確な情報を提供できます。具体的には、質問をEmbeddingに変換し、関連する文書チャンクをRetrieverで検索、その結果をもとにLLMが回答を生成します。これにより、事実誤認や知識の古さを補うことができます。,検索対象の品質管理と、生成結果のフィルタリングや人間によるレビュー体制が必要。,incorrect,0.0,0.0,0.0,0
